<?xml version="1.0"?>
<users><User><Name>Krishna</Name><FirstName>Vamsi</FirstName><Email>vamsi@test.com</Email><Street>Hyd</Street><ZipCode>500072</ZipCode><City>Hyderabad</City></User><User><Name>Test</Name><FirstName>Vaaa</FirstName><Email>test@gmail.com</Email><Street>2nd Phase</Street><ZipCode>500081</ZipCode><City>Delhi</City></User><User><Name>demo</Name><FirstName>app</FirstName><Email>demo@gmail.com</Email><Street>demo</Street><ZipCode>454555</ZipCode><City>Hyderabad</City></User><User><Name>vamsi</Name><FirstName>krishna</FirstName><Email>krish2123@gmail.com</Email><Street>test street</Street><ZipCode>65444</ZipCode><City>Chennai</City></User><User><Name>test</Name><FirstName>app</FirstName><Email>testapp332@gmail.com</Email><Street>test streest</Street><ZipCode>343434</ZipCode><City>Delhi</City></User><User><Name>nametest</Name><FirstName>testapp</FirstName><Email>test3443@gmil.com</Email><Street>test</Street><ZipCode>34555</ZipCode><City>Bangalore</City></User></users>
