[{"id":1,"name":"Krishna","first_name":"Vamsi","email_id":"vamsi@test.com","street":"Hyd","zip_code":"500072","city_id":1,"created_at":null,"updated_at":"2020-05-10T15:21:18.000000Z"},{"id":2,"name":"Test","first_name":"Vaaa","email_id":"test@gmail.com","street":"2nd Phase","zip_code":"500081","city_id":2,"created_at":null,"updated_at":"2020-05-11T05:22:02.000000Z"},{"id":3,"name":"demo","first_name":"app","email_id":"demo@gmail.com","street":"demo","zip_code":"454555","city_id":1,"created_at":"2020-05-10T14:19:06.000000Z","updated_at":"2020-05-10T14:19:06.000000Z"},{"id":5,"name":"vamsi","first_name":"krishna","email_id":"krish2123@gmail.com","street":"test street","zip_code":"65444","city_id":4,"created_at":"2020-05-10T14:21:34.000000Z","updated_at":"2020-05-10T14:21:34.000000Z"},{"id":6,"name":"test","first_name":"app","email_id":"testapp332@gmail.com","street":"test streest","zip_code":"343434","city_id":2,"created_at":"2020-05-10T14:27:22.000000Z","updated_at":"2020-05-10T14:27:22.000000Z"},{"id":7,"name":"nametest","first_name":"testapp","email_id":"test3443@gmil.com","street":"test","zip_code":"34555","city_id":3,"created_at":"2020-05-10T16:59:04.000000Z","updated_at":"2020-05-10T16:59:04.000000Z"}]